epoch,train_loss,val_loss,train_accuracy,val_accuracy,val_qwk,lr
0,0.5574,0.6600,0.4065,0.4446,0.1901,0.0001
1,0.3401,0.5553,0.6659,0.4563,0.3674,0.0001
2,0.2517,0.4887,0.7690,0.4995,0.5122,0.0001
3,0.1922,0.4350,0.8318,0.5719,0.6163,0.0001
4,0.1568,0.3495,0.8602,0.6949,0.7444,0.0001
5,0.1339,0.2804,0.8837,0.7764,0.8283,0.0001
6,0.1146,0.2591,0.9026,0.7929,0.8498,0.0001
7,0.0929,0.2232,0.9236,0.8216,0.8639,0.0001
8,0.0747,0.2017,0.9344,0.8365,0.8730,0.0001
9,0.0703,0.1949,0.9408,0.8424,0.8762,0.0001
10,0.0585,0.1983,0.9508,0.8536,0.8866,0.0001
11,0.0473,0.2080,0.9587,0.8488,0.8865,0.0001
12,0.0375,0.2394,0.9679,0.8541,0.8939,0.0001
13,0.0349,0.2609,0.9728,0.8552,0.8900,0.00005
14,0.0332,0.2732,0.9736,0.8562,0.8923,0.00005
15,0.0237,0.2848,0.9805,0.8578,0.8960,0.00004
16,0.0190,0.3133,0.9853,0.8600,0.8933,0.00003
17,0.0148,0.3011,0.9891,0.8552,0.8906,0.00002
18,0.0125,0.3119,0.9907,0.8616,0.8923,0.00001
19,0.0123,0.3332,0.9900,0.8642,0.8947,0.00001
